{
  "hash": "5350526d",
  "configHash": "a2c02d54",
  "lockfileHash": "c1f30933",
  "browserHash": "25b31db6",
  "optimized": {
    "@angular/common": {
      "src": "../../../../../../node_modules/@angular/common/fesm2022/common.mjs",
      "file": "@angular_common.js",
      "fileHash": "f6fad6d8",
      "needsInterop": false
    },
    "@angular/common/http": {
      "src": "../../../../../../node_modules/@angular/common/fesm2022/http.mjs",
      "file": "@angular_common_http.js",
      "fileHash": "fdb1297d",
      "needsInterop": false
    },
    "@angular/core": {
      "src": "../../../../../../node_modules/@angular/core/fesm2022/core.mjs",
      "file": "@angular_core.js",
      "fileHash": "7a28425c",
      "needsInterop": false
    },
    "@angular/forms": {
      "src": "../../../../../../node_modules/@angular/forms/fesm2022/forms.mjs",
      "file": "@angular_forms.js",
      "fileHash": "86bf38c2",
      "needsInterop": false
    },
    "@angular/platform-browser": {
      "src": "../../../../../../node_modules/@angular/platform-browser/fesm2022/platform-browser.mjs",
      "file": "@angular_platform-browser.js",
      "fileHash": "89d9e6cd",
      "needsInterop": false
    },
    "@angular/router": {
      "src": "../../../../../../node_modules/@angular/router/fesm2022/router.mjs",
      "file": "@angular_router.js",
      "fileHash": "48e9bcb5",
      "needsInterop": false
    },
    "echarts": {
      "src": "../../../../../../node_modules/echarts/index.js",
      "file": "echarts.js",
      "fileHash": "ce02357e",
      "needsInterop": false
    },
    "ngx-echarts": {
      "src": "../../../../../../node_modules/ngx-echarts/fesm2022/ngx-echarts.mjs",
      "file": "ngx-echarts.js",
      "fileHash": "150097a2",
      "needsInterop": false
    },
    "qrcode": {
      "src": "../../../../../../node_modules/qrcode/lib/browser.js",
      "file": "qrcode.js",
      "fileHash": "540b9c6f",
      "needsInterop": true
    },
    "rxjs": {
      "src": "../../../../../../node_modules/rxjs/dist/esm5/index.js",
      "file": "rxjs.js",
      "fileHash": "91323ec7",
      "needsInterop": false
    },
    "rxjs/operators": {
      "src": "../../../../../../node_modules/rxjs/dist/esm5/operators/index.js",
      "file": "rxjs_operators.js",
      "fileHash": "d4b5e88e",
      "needsInterop": false
    },
    "socket.io-client": {
      "src": "../../../../../../node_modules/socket.io-client/build/esm/index.js",
      "file": "socket__io-client.js",
      "fileHash": "07edc433",
      "needsInterop": false
    }
  },
  "chunks": {
    "chunk-4PBDOBWO": {
      "file": "chunk-4PBDOBWO.js"
    },
    "chunk-PAUGPR6T": {
      "file": "chunk-PAUGPR6T.js"
    },
    "chunk-LZ46JD5F": {
      "file": "chunk-LZ46JD5F.js"
    },
    "chunk-3MCQ3N7O": {
      "file": "chunk-3MCQ3N7O.js"
    },
    "chunk-O6VDDHVS": {
      "file": "chunk-O6VDDHVS.js"
    },
    "chunk-IXUSS67I": {
      "file": "chunk-IXUSS67I.js"
    },
    "chunk-BONRK7YY": {
      "file": "chunk-BONRK7YY.js"
    },
    "chunk-CX3I3NQG": {
      "file": "chunk-CX3I3NQG.js"
    }
  }
}